price,qty,side,timestamp_utc,symbol
76841.84,2.11561,bid,2026-09-17T17:18:48.236056+00:00,BTCUSDT
76841.83,0.01169,bid,2026-09-17T17:18:48.236056+00:00,BTCUSDT
76841.82,0.00014,bid,2026-09-17T17:18:48.236056+00:00,BTCUSDT
76841.77,0.3257,bid,2026-09-17T17:18:48.236056+00:00,BTCUSDT
76841.76,7e-05,bid,2026-09-17T17:18:48.236056+00:00,BTCUSDT
76841.41,0.05226,bid,2026-09-17T17:18:48.236056+00:00,BTCUSDT
76840.88,0.0068,bid,2026-09-17T17:18:48.236056+00:00,BTCUSDT
76840.61,0.01792,bid,2026-09-17T17:18:48.236056+00:00,BTCUSDT
76840.54,7e-05,bid,2026-09-17T17:18:48.236056+00:00,BTCUSDT
76840.42,0.04136,bid,2026-09-17T17:18:48.236056+00:00,BTCUSDT
76840.01,7e-05,bid,2026-09-17T17:18:48.236056+00:00,BTCUSDT
76840.0,0.02807,bid,2026-09-17T17:18:48.236056+00:00,BTCUSDT
76839.78,0.00017,bid,2026-09-17T17:18:48.236056+00:00,BTCUSDT
76839.38,0.02141,bid,2026-09-17T17:18:48.236056+00:00,BTCUSDT
76839.09,0.004,bid,2026-09-17T17:18:48.236056+00:00,BTCUSDT
76838.47,0.00651,bid,2026-09-17T17:18:48.236056+00:00,BTCUSDT
76838.46,0.00014,bid,2026-09-17T17:18:48.236056+00:00,BTCUSDT
76838.45,0.00048,bid,2026-09-17T17:18:48.236056+00:00,BTCUSDT
76838.44,0.11135,bid,2026-09-17T17:18:48.236056+00:00,BTCUSDT
76838.23,7e-05,bid,2026-09-17T17:18:48.236056+00:00,BTCUSDT
76838.15,0.02141,bid,2026-09-17T17:18:48.236056+00:00,BTCUSDT
76838.07,0.03903,bid,2026-09-17T17:18:48.236056+00:00,BTCUSDT
76838.0,0.08228,bid,2026-09-17T17:18:48.236056+00:00,BTCUSDT
76837.99,0.00997,bid,2026-09-17T17:18:48.236056+00:00,BTCUSDT
76837.74,0.00155,bid,2026-09-17T17:18:48.236056+00:00,BTCUSDT
76837.23,0.00051,bid,2026-09-17T17:18:48.236056+00:00,BTCUSDT
76837.22,0.15,bid,2026-09-17T17:18:48.236056+00:00,BTCUSDT
76837.17,0.12014,bid,2026-09-17T17:18:48.236056+00:00,BTCUSDT
76837.16,0.004,bid,2026-09-17T17:18:48.236056+00:00,BTCUSDT
76837.1,7e-05,bid,2026-09-17T17:18:48.236056+00:00,BTCUSDT
76837.09,7e-05,bid,2026-09-17T17:18:48.236056+00:00,BTCUSDT
76837.04,0.00014,bid,2026-09-17T17:18:48.236056+00:00,BTCUSDT
76836.67,0.0001,bid,2026-09-17T17:18:48.236056+00:00,BTCUSDT
76836.66,0.01302,bid,2026-09-17T17:18:48.236056+00:00,BTCUSDT
76836.62,0.02,bid,2026-09-17T17:18:48.236056+00:00,BTCUSDT
76836.6,8e-05,bid,2026-09-17T17:18:48.236056+00:00,BTCUSDT
76836.17,0.00035,bid,2026-09-17T17:18:48.236056+00:00,BTCUSDT
76836.01,0.00051,bid,2026-09-17T17:18:48.236056+00:00,BTCUSDT
76836.0,0.49477,bid,2026-09-17T17:18:48.236056+00:00,BTCUSDT
76835.92,0.05361,bid,2026-09-17T17:18:48.236056+00:00,BTCUSDT
76835.84,7e-05,bid,2026-09-17T17:18:48.236056+00:00,BTCUSDT
76835.75,7e-05,bid,2026-09-17T17:18:48.236056+00:00,BTCUSDT
76835.49,0.00197,bid,2026-09-17T17:18:48.236056+00:00,BTCUSDT
76835.24,0.00651,bid,2026-09-17T17:18:48.236056+00:00,BTCUSDT
76835.23,0.004,bid,2026-09-17T17:18:48.236056+00:00,BTCUSDT
76835.2,0.00014,bid,2026-09-17T17:18:48.236056+00:00,BTCUSDT
76834.67,0.00014,bid,2026-09-17T17:18:48.236056+00:00,BTCUSDT
76834.15,9e-05,bid,2026-09-17T17:18:48.236056+00:00,BTCUSDT
76834.0,0.028,bid,2026-09-17T17:18:48.236056+00:00,BTCUSDT
76833.53,0.0001,bid,2026-09-17T17:18:48.236056+00:00,BTCUSDT
76833.52,0.02108,bid,2026-09-17T17:18:48.236056+00:00,BTCUSDT
76833.3,0.004,bid,2026-09-17T17:18:48.236056+00:00,BTCUSDT
76833.2,0.00014,bid,2026-09-17T17:18:48.236056+00:00,BTCUSDT
76832.81,0.01302,bid,2026-09-17T17:18:48.236056+00:00,BTCUSDT
76832.76,0.00241,bid,2026-09-17T17:18:48.236056+00:00,BTCUSDT
76832.59,0.00051,bid,2026-09-17T17:18:48.236056+00:00,BTCUSDT
76832.32,0.00059,bid,2026-09-17T17:18:48.236056+00:00,BTCUSDT
76832.31,0.1173,bid,2026-09-17T17:18:48.236056+00:00,BTCUSDT
76832.13,7e-05,bid,2026-09-17T17:18:48.236056+00:00,BTCUSDT
76832.11,0.002,bid,2026-09-17T17:18:48.236056+00:00,BTCUSDT
76832.1,0.13015,bid,2026-09-17T17:18:48.236056+00:00,BTCUSDT
76832.07,0.04112,bid,2026-09-17T17:18:48.236056+00:00,BTCUSDT
76832.01,0.01933,bid,2026-09-17T17:18:48.236056+00:00,BTCUSDT
76832.0,0.19358,bid,2026-09-17T17:18:48.236056+00:00,BTCUSDT
76831.82,0.02966,bid,2026-09-17T17:18:48.236056+00:00,BTCUSDT
76831.6,8e-05,bid,2026-09-17T17:18:48.236056+00:00,BTCUSDT
76831.52,0.39081,bid,2026-09-17T17:18:48.236056+00:00,BTCUSDT
76831.37,0.004,bid,2026-09-17T17:18:48.236056+00:00,BTCUSDT
76831.2,0.00014,bid,2026-09-17T17:18:48.236056+00:00,BTCUSDT
76831.08,7e-05,bid,2026-09-17T17:18:48.236056+00:00,BTCUSDT
76830.93,0.35173,bid,2026-09-17T17:18:48.236056+00:00,BTCUSDT
76830.88,0.00014,bid,2026-09-17T17:18:48.236056+00:00,BTCUSDT
76830.4,7e-05,bid,2026-09-17T17:18:48.236056+00:00,BTCUSDT
76830.32,0.00246,bid,2026-09-17T17:18:48.236056+00:00,BTCUSDT
76830.28,0.0013,bid,2026-09-17T17:18:48.236056+00:00,BTCUSDT
76830.0,0.18701,bid,2026-09-17T17:18:48.236056+00:00,BTCUSDT
76829.98,0.013,bid,2026-09-17T17:18:48.236056+00:00,BTCUSDT
76829.69,7e-05,bid,2026-09-17T17:18:48.236056+00:00,BTCUSDT
76829.51,0.15782,bid,2026-09-17T17:18:48.236056+00:00,BTCUSDT
76829.44,0.004,bid,2026-09-17T17:18:48.236056+00:00,BTCUSDT
76829.28,0.00014,bid,2026-09-17T17:18:48.236056+00:00,BTCUSDT
76829.1,0.0001,bid,2026-09-17T17:18:48.236056+00:00,BTCUSDT
76829.06,7e-05,bid,2026-09-17T17:18:48.236056+00:00,BTCUSDT
76828.95,8e-05,bid,2026-09-17T17:18:48.236056+00:00,BTCUSDT
76828.81,0.028,bid,2026-09-17T17:18:48.236056+00:00,BTCUSDT
76828.72,0.028,bid,2026-09-17T17:18:48.236056+00:00,BTCUSDT
76828.71,0.026,bid,2026-09-17T17:18:48.236056+00:00,BTCUSDT
76828.69,0.042,bid,2026-09-17T17:18:48.236056+00:00,BTCUSDT
76828.4,7e-05,bid,2026-09-17T17:18:48.236056+00:00,BTCUSDT
76828.1,0.006,bid,2026-09-17T17:18:48.236056+00:00,BTCUSDT
76828.0,0.189,bid,2026-09-17T17:18:48.236056+00:00,BTCUSDT
76827.91,0.026,bid,2026-09-17T17:18:48.236056+00:00,BTCUSDT
76827.51,0.004,bid,2026-09-17T17:18:48.236056+00:00,BTCUSDT
76827.2,0.00014,bid,2026-09-17T17:18:48.236056+00:00,BTCUSDT
76827.09,0.00014,bid,2026-09-17T17:18:48.236056+00:00,BTCUSDT
76827.08,0.19639,bid,2026-09-17T17:18:48.236056+00:00,BTCUSDT
76826.81,8e-05,bid,2026-09-17T17:18:48.236056+00:00,BTCUSDT
76826.62,7e-05,bid,2026-09-17T17:18:48.236056+00:00,BTCUSDT
76826.47,9e-05,bid,2026-09-17T17:18:48.236056+00:00,BTCUSDT
76826.4,7e-05,bid,2026-09-17T17:18:48.236056+00:00,BTCUSDT
76841.85,1.05703,ask,2026-09-17T17:18:48.236056+00:00,BTCUSDT
76841.86,0.00063,ask,2026-09-17T17:18:48.236056+00:00,BTCUSDT
76841.87,0.00014,ask,2026-09-17T17:18:48.236056+00:00,BTCUSDT
76842.01,0.02807,ask,2026-09-17T17:18:48.236056+00:00,BTCUSDT
76842.25,7e-05,ask,2026-09-17T17:18:48.236056+00:00,BTCUSDT
76842.55,7e-05,ask,2026-09-17T17:18:48.236056+00:00,BTCUSDT
76842.61,7e-05,ask,2026-09-17T17:18:48.236056+00:00,BTCUSDT
76843.31,0.00014,ask,2026-09-17T17:18:48.236056+00:00,BTCUSDT
76843.32,7e-05,ask,2026-09-17T17:18:48.236056+00:00,BTCUSDT
76843.41,7e-05,ask,2026-09-17T17:18:48.236056+00:00,BTCUSDT
76843.5,7e-05,ask,2026-09-17T17:18:48.236056+00:00,BTCUSDT
76843.51,0.32564,ask,2026-09-17T17:18:48.236056+00:00,BTCUSDT
76843.91,7e-05,ask,2026-09-17T17:18:48.236056+00:00,BTCUSDT
76844.01,0.02814,ask,2026-09-17T17:18:48.236056+00:00,BTCUSDT
76844.55,7e-05,ask,2026-09-17T17:18:48.236056+00:00,BTCUSDT
76844.66,7e-05,ask,2026-09-17T17:18:48.236056+00:00,BTCUSDT
76844.67,0.38059,ask,2026-09-17T17:18:48.236056+00:00,BTCUSDT
76844.75,7e-05,ask,2026-09-17T17:18:48.236056+00:00,BTCUSDT
76844.9,7e-05,ask,2026-09-17T17:18:48.236056+00:00,BTCUSDT
76845.14,7e-05,ask,2026-09-17T17:18:48.236056+00:00,BTCUSDT
76845.32,7e-05,ask,2026-09-17T17:18:48.236056+00:00,BTCUSDT
76845.69,0.00273,ask,2026-09-17T17:18:48.236056+00:00,BTCUSDT
76845.96,0.00139,ask,2026-09-17T17:18:48.236056+00:00,BTCUSDT
76845.97,8e-05,ask,2026-09-17T17:18:48.236056+00:00,BTCUSDT
76846.01,0.02807,ask,2026-09-17T17:18:48.236056+00:00,BTCUSDT
76846.04,0.00014,ask,2026-09-17T17:18:48.236056+00:00,BTCUSDT
76846.09,7e-05,ask,2026-09-17T17:18:48.236056+00:00,BTCUSDT
76846.41,0.00014,ask,2026-09-17T17:18:48.236056+00:00,BTCUSDT
76846.45,0.00234,ask,2026-09-17T17:18:48.236056+00:00,BTCUSDT
76846.7,0.00494,ask,2026-09-17T17:18:48.236056+00:00,BTCUSDT
76846.96,0.00255,ask,2026-09-17T17:18:48.236056+00:00,BTCUSDT
76847.32,7e-05,ask,2026-09-17T17:18:48.236056+00:00,BTCUSDT
76847.6,7e-05,ask,2026-09-17T17:18:48.236056+00:00,BTCUSDT
76847.69,8e-05,ask,2026-09-17T17:18:48.236056+00:00,BTCUSDT
76847.81,7e-05,ask,2026-09-17T17:18:48.236056+00:00,BTCUSDT
76847.89,0.0001,ask,2026-09-17T17:18:48.236056+00:00,BTCUSDT
76847.9,0.02115,ask,2026-09-17T17:18:48.236056+00:00,BTCUSDT
76847.93,0.00823,ask,2026-09-17T17:18:48.236056+00:00,BTCUSDT
76848.0,7e-05,ask,2026-09-17T17:18:48.236056+00:00,BTCUSDT
76848.01,0.028,ask,2026-09-17T17:18:48.236056+00:00,BTCUSDT
76848.11,0.00039,ask,2026-09-17T17:18:48.236056+00:00,BTCUSDT
76848.12,7e-05,ask,2026-09-17T17:18:48.236056+00:00,BTCUSDT
76848.31,7e-05,ask,2026-09-17T17:18:48.236056+00:00,BTCUSDT
76848.49,0.00014,ask,2026-09-17T17:18:48.236056+00:00,BTCUSDT
76848.73,0.001,ask,2026-09-17T17:18:48.236056+00:00,BTCUSDT
76848.74,0.004,ask,2026-09-17T17:18:48.236056+00:00,BTCUSDT
76849.16,0.00988,ask,2026-09-17T17:18:48.236056+00:00,BTCUSDT
76849.53,0.00137,ask,2026-09-17T17:18:48.236056+00:00,BTCUSDT
76849.6,7e-05,ask,2026-09-17T17:18:48.236056+00:00,BTCUSDT
76849.83,0.00014,ask,2026-09-17T17:18:48.236056+00:00,BTCUSDT
76850.0,0.00025,ask,2026-09-17T17:18:48.236056+00:00,BTCUSDT
76850.01,0.028,ask,2026-09-17T17:18:48.236056+00:00,BTCUSDT
76850.39,0.00988,ask,2026-09-17T17:18:48.236056+00:00,BTCUSDT
76850.4,0.00047,ask,2026-09-17T17:18:48.236056+00:00,BTCUSDT
76850.41,0.00014,ask,2026-09-17T17:18:48.236056+00:00,BTCUSDT
76850.46,0.00048,ask,2026-09-17T17:18:48.236056+00:00,BTCUSDT
76850.62,0.0019,ask,2026-09-17T17:18:48.236056+00:00,BTCUSDT
76850.76,8e-05,ask,2026-09-17T17:18:48.236056+00:00,BTCUSDT
76850.88,7e-05,ask,2026-09-17T17:18:48.236056+00:00,BTCUSDT
76851.1,0.0005,ask,2026-09-17T17:18:48.236056+00:00,BTCUSDT
76851.19,7e-05,ask,2026-09-17T17:18:48.236056+00:00,BTCUSDT
76851.44,0.004,ask,2026-09-17T17:18:48.236056+00:00,BTCUSDT
76851.45,0.004,ask,2026-09-17T17:18:48.236056+00:00,BTCUSDT
76851.55,0.13078,ask,2026-09-17T17:18:48.236056+00:00,BTCUSDT
76851.56,0.0026,ask,2026-09-17T17:18:48.236056+00:00,BTCUSDT
76851.59,0.02,ask,2026-09-17T17:18:48.236056+00:00,BTCUSDT
76851.82,0.02,ask,2026-09-17T17:18:48.236056+00:00,BTCUSDT
76851.9,8e-05,ask,2026-09-17T17:18:48.236056+00:00,BTCUSDT
76851.92,0.03903,ask,2026-09-17T17:18:48.236056+00:00,BTCUSDT
76852.01,0.028,ask,2026-09-17T17:18:48.236056+00:00,BTCUSDT
76852.41,0.00014,ask,2026-09-17T17:18:48.236056+00:00,BTCUSDT
76852.52,0.02,ask,2026-09-17T17:18:48.236056+00:00,BTCUSDT
76852.58,0.001,ask,2026-09-17T17:18:48.236056+00:00,BTCUSDT
76852.6,0.04,ask,2026-09-17T17:18:48.236056+00:00,BTCUSDT
76852.68,0.0052,ask,2026-09-17T17:18:48.236056+00:00,BTCUSDT
76852.71,0.021,ask,2026-09-17T17:18:48.236056+00:00,BTCUSDT
76852.95,0.00051,ask,2026-09-17T17:18:48.236056+00:00,BTCUSDT
76853.03,0.00651,ask,2026-09-17T17:18:48.236056+00:00,BTCUSDT
76853.04,0.002,ask,2026-09-17T17:18:48.236056+00:00,BTCUSDT
76853.05,0.02,ask,2026-09-17T17:18:48.236056+00:00,BTCUSDT
76853.32,0.02,ask,2026-09-17T17:18:48.236056+00:00,BTCUSDT
76853.36,0.02,ask,2026-09-17T17:18:48.236056+00:00,BTCUSDT
76853.37,8e-05,ask,2026-09-17T17:18:48.236056+00:00,BTCUSDT
76853.4,0.004,ask,2026-09-17T17:18:48.236056+00:00,BTCUSDT
76853.62,0.00014,ask,2026-09-17T17:18:48.236056+00:00,BTCUSDT
76853.74,7e-05,ask,2026-09-17T17:18:48.236056+00:00,BTCUSDT
76853.84,0.00416,ask,2026-09-17T17:18:48.236056+00:00,BTCUSDT
76853.95,7e-05,ask,2026-09-17T17:18:48.236056+00:00,BTCUSDT
76854.0,0.00051,ask,2026-09-17T17:18:48.236056+00:00,BTCUSDT
76854.01,0.02929,ask,2026-09-17T17:18:48.236056+00:00,BTCUSDT
76854.04,0.002,ask,2026-09-17T17:18:48.236056+00:00,BTCUSDT
76854.06,0.0013,ask,2026-09-17T17:18:48.236056+00:00,BTCUSDT
76854.18,0.01301,ask,2026-09-17T17:18:48.236056+00:00,BTCUSDT
76854.27,7e-05,ask,2026-09-17T17:18:48.236056+00:00,BTCUSDT
76854.41,0.00014,ask,2026-09-17T17:18:48.236056+00:00,BTCUSDT
76854.42,0.04,ask,2026-09-17T17:18:48.236056+00:00,BTCUSDT
76854.53,0.004,ask,2026-09-17T17:18:48.236056+00:00,BTCUSDT
76854.82,0.08,ask,2026-09-17T17:18:48.236056+00:00,BTCUSDT
76854.83,0.01078,ask,2026-09-17T17:18:48.236056+00:00,BTCUSDT
76855.0,0.0025,ask,2026-09-17T17:18:48.236056+00:00,BTCUSDT
